{
    "manifest_version": 3,
    "name": "Power BI Chatbot - Enterprise",
    "version": "1.0.0",
    "description": "Secure Power BI chatbot for enterprise use",
    "permissions": [
        "activeTab"
    ],
    "host_permissions": [
        "https://app.powerbi.com/*",
        "https://*.powerbi.com/*"
    ],
    "background": {
        "service_worker": "background.js"
    },
    "content_scripts": [
        {
            "matches": [
                "https://app.powerbi.com/*",
                "https://*.powerbi.com/*"
            ],
            "js": [
                "contentScript-secure.js"
            ],
            "css": [
                "chatbot.css"
            ]
        }
    ],
    "action": {
        "default_popup": "popup.html",
        "default_icon": {
            "16": "icon16.png",
            "32": "icon32.png",
            "48": "icon48.png",
            "128": "icon128.png"
        }
    },
    "icons": {
        "16": "icon16.png",
        "32": "icon32.png",
        "48": "icon48.png",
        "128": "icon128.png"
    }
}